<?xml version="1.0" encoding="UTF-8"?>
<project-private xmlns="http://www.netbeans.org/ns/project-private/1">
    <editor-bookmarks xmlns="http://www.netbeans.org/ns/editor-bookmarks/2" lastBookmarkId="0"/>
    <open-files xmlns="http://www.netbeans.org/ns/projectui-open-files/2">
        <group>
            <file>file:/C:/Users/Jireh%20Castillo/Documents/NetBeansProjects/taller/src/ventanas/serviciosrefaccion.java</file>
            <file>file:/C:/Users/Jireh%20Castillo/Documents/NetBeansProjects/taller/src/ventanas/servicios.java</file>
            <file>file:/C:/Users/Jireh%20Castillo/Documents/NetBeansProjects/taller/src/ventanas/usuario.java</file>
            <file>file:/C:/Users/Jireh%20Castillo/Documents/NetBeansProjects/taller/src/ventanas/MenuEmpleado.java</file>
            <file>file:/C:/Users/Jireh%20Castillo/Documents/NetBeansProjects/taller/src/ventanas/empleados.java</file>
            <file>file:/C:/Users/Jireh%20Castillo/Documents/NetBeansProjects/taller/src/ventanas/Administrador.java</file>
            <file>file:/C:/Users/Jireh%20Castillo/Documents/NetBeansProjects/taller/src/ventanas/conectar.java</file>
            <file>file:/C:/Users/Jireh%20Castillo/Documents/NetBeansProjects/taller/src/ventanas/clientes.java</file>
            <file>file:/C:/Users/Jireh%20Castillo/Documents/NetBeansProjects/taller/src/ventanas/taller.java</file>
        </group>
    </open-files>
</project-private>
